name,author,isbn,img
Java Web程序设计实验指导（第三版）,李俊青,978-7-5685-2328-8,http://sve.dutpbook.com/upload/image/15827748921371.png
Java Web程序设计（第三版）,李俊青,978-7-5685-1909-0,http://sve.dutpbook.com/upload/image/15827203062893.png
Java语言程序设计（第四版）,"迟勇, 赵景晖",978-7-5685-3079-8,http://sve.dutpbook.com/upload/image/16339378566268.png
Java语言程序设计实验及实训指导（第四版）,"迟勇, 罗桂琼",978-7-5685-3080-4,http://sve.dutpbook.com/upload/image/16339503872862.png
Java程序设计基础（第三版）,胡伏湘,978-7-5685-3715-5,http://sve.dutpbook.com/upload/image/16467470454638.png
Java程序设计基础,王路群,978-7-5611-6168-5,http://sve.dutpbook.com/upload/image/15827199226581.png
Java桌面程序开发,曹静,978-7-5611-6165-4,http://sve.dutpbook.com/upload/image/15827183266030.png
网站前端开发技术——CSS+JavaScript+jQuery,李云程,978-7-5685-1353-1,http://sve.dutpbook.com/upload/image/15826423908345.png
Java程序设计基础（第二版）,胡伏湘,978-7-5685-1548-1,http://sve.dutpbook.com/upload/image/15827131958838.png
Java语言程序设计（第三版）,迟勇 赵景晖,978-7-5685-0958-9,http://sve.dutpbook.com/upload/image/15827136168401.png
Java语言程序设计实验及实训指导（第三版）,迟勇 罗桂琼,978-7-5685-0959-6,http://sve.dutpbook.com/upload/image/15827177762620.png
JavaScript网页交互特效范例与技巧（第二版）,李云程,978-7-5685-2746-0,http://sve.dutpbook.com/upload/image/16081693013026.png
